--
-- PostgreSQL database dump
--

SET statement_timeout = 0;
SET lock_timeout = 0;
SET client_encoding = 'UTF8';
SET standard_conforming_strings = on;
SET check_function_bodies = false;
SET client_min_messages = warning;

--
-- Name: plpgsql; Type: EXTENSION; Schema: -; Owner: 
--

CREATE EXTENSION IF NOT EXISTS plpgsql WITH SCHEMA pg_catalog;


--
-- Name: EXTENSION plpgsql; Type: COMMENT; Schema: -; Owner: 
--

COMMENT ON EXTENSION plpgsql IS 'PL/pgSQL procedural language';


SET search_path = public, pg_catalog;

SET default_tablespace = '';

SET default_with_oids = false;

--
-- Name: auth_tokens; Type: TABLE; Schema: public; Owner: darelvc; Tablespace: 
--

CREATE TABLE auth_tokens (
    id integer NOT NULL,
    value character varying,
    user_id integer,
    created_at timestamp without time zone NOT NULL,
    updated_at timestamp without time zone NOT NULL
);


ALTER TABLE public.auth_tokens OWNER TO darelvc;

--
-- Name: auth_tokens_id_seq; Type: SEQUENCE; Schema: public; Owner: darelvc
--

CREATE SEQUENCE auth_tokens_id_seq
    START WITH 1
    INCREMENT BY 1
    NO MINVALUE
    NO MAXVALUE
    CACHE 1;


ALTER TABLE public.auth_tokens_id_seq OWNER TO darelvc;

--
-- Name: auth_tokens_id_seq; Type: SEQUENCE OWNED BY; Schema: public; Owner: darelvc
--

ALTER SEQUENCE auth_tokens_id_seq OWNED BY auth_tokens.id;


--
-- Name: chats; Type: TABLE; Schema: public; Owner: darelvc; Tablespace: 
--

CREATE TABLE chats (
    id integer NOT NULL,
    name character varying,
    description text,
    created_at timestamp without time zone NOT NULL,
    updated_at timestamp without time zone NOT NULL
);


ALTER TABLE public.chats OWNER TO darelvc;

--
-- Name: chats_id_seq; Type: SEQUENCE; Schema: public; Owner: darelvc
--

CREATE SEQUENCE chats_id_seq
    START WITH 1
    INCREMENT BY 1
    NO MINVALUE
    NO MAXVALUE
    CACHE 1;


ALTER TABLE public.chats_id_seq OWNER TO darelvc;

--
-- Name: chats_id_seq; Type: SEQUENCE OWNED BY; Schema: public; Owner: darelvc
--

ALTER SEQUENCE chats_id_seq OWNED BY chats.id;


--
-- Name: chats_users; Type: TABLE; Schema: public; Owner: darelvc; Tablespace: 
--

CREATE TABLE chats_users (
    chat_id integer,
    user_id integer
);


ALTER TABLE public.chats_users OWNER TO darelvc;

--
-- Name: posts; Type: TABLE; Schema: public; Owner: darelvc; Tablespace: 
--

CREATE TABLE posts (
    id integer NOT NULL,
    body text,
    created_at timestamp without time zone NOT NULL,
    updated_at timestamp without time zone NOT NULL,
    chat_id integer,
    user_id integer,
    type character varying
);


ALTER TABLE public.posts OWNER TO darelvc;

--
-- Name: posts_id_seq; Type: SEQUENCE; Schema: public; Owner: darelvc
--

CREATE SEQUENCE posts_id_seq
    START WITH 1
    INCREMENT BY 1
    NO MINVALUE
    NO MAXVALUE
    CACHE 1;


ALTER TABLE public.posts_id_seq OWNER TO darelvc;

--
-- Name: posts_id_seq; Type: SEQUENCE OWNED BY; Schema: public; Owner: darelvc
--

ALTER SEQUENCE posts_id_seq OWNED BY posts.id;


--
-- Name: schema_migrations; Type: TABLE; Schema: public; Owner: darelvc; Tablespace: 
--

CREATE TABLE schema_migrations (
    version character varying NOT NULL
);


ALTER TABLE public.schema_migrations OWNER TO darelvc;

--
-- Name: users; Type: TABLE; Schema: public; Owner: darelvc; Tablespace: 
--

CREATE TABLE users (
    id integer NOT NULL,
    name character varying,
    email character varying,
    password_digest character varying,
    created_at timestamp without time zone NOT NULL,
    updated_at timestamp without time zone NOT NULL,
    admin boolean DEFAULT false,
    posts_count integer DEFAULT 0,
    messages_count integer DEFAULT 0,
    avatar_file_name character varying,
    avatar_content_type character varying,
    avatar_file_size integer,
    avatar_updated_at timestamp without time zone
);


ALTER TABLE public.users OWNER TO darelvc;

--
-- Name: users_id_seq; Type: SEQUENCE; Schema: public; Owner: darelvc
--

CREATE SEQUENCE users_id_seq
    START WITH 1
    INCREMENT BY 1
    NO MINVALUE
    NO MAXVALUE
    CACHE 1;


ALTER TABLE public.users_id_seq OWNER TO darelvc;

--
-- Name: users_id_seq; Type: SEQUENCE OWNED BY; Schema: public; Owner: darelvc
--

ALTER SEQUENCE users_id_seq OWNED BY users.id;


--
-- Name: votes; Type: TABLE; Schema: public; Owner: darelvc; Tablespace: 
--

CREATE TABLE votes (
    id integer NOT NULL,
    votable_id integer,
    votable_type character varying,
    user_id integer,
    kind integer,
    created_at timestamp without time zone NOT NULL,
    updated_at timestamp without time zone NOT NULL
);


ALTER TABLE public.votes OWNER TO darelvc;

--
-- Name: votes_id_seq; Type: SEQUENCE; Schema: public; Owner: darelvc
--

CREATE SEQUENCE votes_id_seq
    START WITH 1
    INCREMENT BY 1
    NO MINVALUE
    NO MAXVALUE
    CACHE 1;


ALTER TABLE public.votes_id_seq OWNER TO darelvc;

--
-- Name: votes_id_seq; Type: SEQUENCE OWNED BY; Schema: public; Owner: darelvc
--

ALTER SEQUENCE votes_id_seq OWNED BY votes.id;


--
-- Name: id; Type: DEFAULT; Schema: public; Owner: darelvc
--

ALTER TABLE ONLY auth_tokens ALTER COLUMN id SET DEFAULT nextval('auth_tokens_id_seq'::regclass);


--
-- Name: id; Type: DEFAULT; Schema: public; Owner: darelvc
--

ALTER TABLE ONLY chats ALTER COLUMN id SET DEFAULT nextval('chats_id_seq'::regclass);


--
-- Name: id; Type: DEFAULT; Schema: public; Owner: darelvc
--

ALTER TABLE ONLY posts ALTER COLUMN id SET DEFAULT nextval('posts_id_seq'::regclass);


--
-- Name: id; Type: DEFAULT; Schema: public; Owner: darelvc
--

ALTER TABLE ONLY users ALTER COLUMN id SET DEFAULT nextval('users_id_seq'::regclass);


--
-- Name: id; Type: DEFAULT; Schema: public; Owner: darelvc
--

ALTER TABLE ONLY votes ALTER COLUMN id SET DEFAULT nextval('votes_id_seq'::regclass);


--
-- Data for Name: auth_tokens; Type: TABLE DATA; Schema: public; Owner: darelvc
--

COPY auth_tokens (id, value, user_id, created_at, updated_at) FROM stdin;
1	60e9d96b-7612-41fa-84f2-2cedeb19059d	1	2016-03-18 07:14:32.294349	2016-03-18 07:14:32.294349
\.


--
-- Name: auth_tokens_id_seq; Type: SEQUENCE SET; Schema: public; Owner: darelvc
--

SELECT pg_catalog.setval('auth_tokens_id_seq', 1, true);


--
-- Data for Name: chats; Type: TABLE DATA; Schema: public; Owner: darelvc
--

COPY chats (id, name, description, created_at, updated_at) FROM stdin;
1	MLSDev Chat	TEST API CHAT 333 444	2016-03-18 07:15:32.739281	2016-03-18 07:15:32.739281
2	MLSDev Chat second room	THIS IS SPARTA	2016-03-18 07:16:05.749655	2016-03-18 07:16:05.749655
3	Message for Mariia	TEST API CHAT 333 444	2016-03-18 07:16:29.557171	2016-03-18 07:16:29.557171
\.


--
-- Name: chats_id_seq; Type: SEQUENCE SET; Schema: public; Owner: darelvc
--

SELECT pg_catalog.setval('chats_id_seq', 3, true);


--
-- Data for Name: chats_users; Type: TABLE DATA; Schema: public; Owner: darelvc
--

COPY chats_users (chat_id, user_id) FROM stdin;
1	2
1	1
2	2
2	1
3	2
3	1
\.


--
-- Data for Name: posts; Type: TABLE DATA; Schema: public; Owner: darelvc
--

COPY posts (id, body, created_at, updated_at, chat_id, user_id, type) FROM stdin;
1	I like my wife	2016-03-18 07:17:36.896224	2016-03-18 07:17:36.896224	1	1	Message
2	I like my wife	2016-03-18 07:18:28.486838	2016-03-18 07:18:28.486838	1	1	Message
3	\N	2016-03-18 07:21:15.823298	2016-03-18 07:21:15.823298	1	1	Ping
4	\N	2016-03-18 07:21:16.800607	2016-03-18 07:21:16.800607	1	1	Ping
5	\N	2016-03-18 07:21:17.047147	2016-03-18 07:21:17.047147	1	1	Ping
6	\N	2016-03-18 07:21:17.512511	2016-03-18 07:21:17.512511	1	1	Ping
7	\N	2016-03-18 07:21:17.736199	2016-03-18 07:21:17.736199	1	1	Ping
\.


--
-- Name: posts_id_seq; Type: SEQUENCE SET; Schema: public; Owner: darelvc
--

SELECT pg_catalog.setval('posts_id_seq', 7, true);


--
-- Data for Name: schema_migrations; Type: TABLE DATA; Schema: public; Owner: darelvc
--

COPY schema_migrations (version) FROM stdin;
20160304092434
20160304110851
20160304112557
20160304143003
20160304143444
20160304152309
20160307183247
20160311130057
20160314094014
20160314132327
20160315081150
20160317074217
\.


--
-- Data for Name: users; Type: TABLE DATA; Schema: public; Owner: darelvc
--

COPY users (id, name, email, password_digest, created_at, updated_at, admin, posts_count, messages_count, avatar_file_name, avatar_content_type, avatar_file_size, avatar_updated_at) FROM stdin;
2	Mariia Bloshenkina	test@test.ru	$2a$10$Z7QF603KTpKMFZLqabrnnuKTDbCJkDcPftX/munU3s2Ewv0B3HA2W	2016-03-18 07:13:48.936458	2016-03-18 07:13:48.936458	f	0	0	\N	\N	\N	\N
1	Oleg Bloshenkin	test@test.com	$2a$10$1ZzmleY9FRbtva8S1PjeGeqbqu2YWjW5ds5x/XxwY2/6AkWrsq1HO	2016-03-18 07:05:00.450842	2016-03-18 07:22:06.857511	f	0	2	avatar.jpg	image/jpeg	41055	2016-03-18 07:22:06.538878
\.


--
-- Name: users_id_seq; Type: SEQUENCE SET; Schema: public; Owner: darelvc
--

SELECT pg_catalog.setval('users_id_seq', 2, true);


--
-- Data for Name: votes; Type: TABLE DATA; Schema: public; Owner: darelvc
--

COPY votes (id, votable_id, votable_type, user_id, kind, created_at, updated_at) FROM stdin;
\.


--
-- Name: votes_id_seq; Type: SEQUENCE SET; Schema: public; Owner: darelvc
--

SELECT pg_catalog.setval('votes_id_seq', 1, false);


--
-- Name: auth_tokens_pkey; Type: CONSTRAINT; Schema: public; Owner: darelvc; Tablespace: 
--

ALTER TABLE ONLY auth_tokens
    ADD CONSTRAINT auth_tokens_pkey PRIMARY KEY (id);


--
-- Name: chats_pkey; Type: CONSTRAINT; Schema: public; Owner: darelvc; Tablespace: 
--

ALTER TABLE ONLY chats
    ADD CONSTRAINT chats_pkey PRIMARY KEY (id);


--
-- Name: posts_pkey; Type: CONSTRAINT; Schema: public; Owner: darelvc; Tablespace: 
--

ALTER TABLE ONLY posts
    ADD CONSTRAINT posts_pkey PRIMARY KEY (id);


--
-- Name: users_pkey; Type: CONSTRAINT; Schema: public; Owner: darelvc; Tablespace: 
--

ALTER TABLE ONLY users
    ADD CONSTRAINT users_pkey PRIMARY KEY (id);


--
-- Name: votes_pkey; Type: CONSTRAINT; Schema: public; Owner: darelvc; Tablespace: 
--

ALTER TABLE ONLY votes
    ADD CONSTRAINT votes_pkey PRIMARY KEY (id);


--
-- Name: index_auth_tokens_on_user_id; Type: INDEX; Schema: public; Owner: darelvc; Tablespace: 
--

CREATE INDEX index_auth_tokens_on_user_id ON auth_tokens USING btree (user_id);


--
-- Name: index_votes_on_user_id; Type: INDEX; Schema: public; Owner: darelvc; Tablespace: 
--

CREATE INDEX index_votes_on_user_id ON votes USING btree (user_id);


--
-- Name: index_votes_on_user_id_and_votable_id_and_votable_type; Type: INDEX; Schema: public; Owner: darelvc; Tablespace: 
--

CREATE UNIQUE INDEX index_votes_on_user_id_and_votable_id_and_votable_type ON votes USING btree (user_id, votable_id, votable_type);


--
-- Name: index_votes_on_votable_type_and_votable_id; Type: INDEX; Schema: public; Owner: darelvc; Tablespace: 
--

CREATE INDEX index_votes_on_votable_type_and_votable_id ON votes USING btree (votable_type, votable_id);


--
-- Name: unique_schema_migrations; Type: INDEX; Schema: public; Owner: darelvc; Tablespace: 
--

CREATE UNIQUE INDEX unique_schema_migrations ON schema_migrations USING btree (version);


--
-- Name: fk_rails_0d66c22f4c; Type: FK CONSTRAINT; Schema: public; Owner: darelvc
--

ALTER TABLE ONLY auth_tokens
    ADD CONSTRAINT fk_rails_0d66c22f4c FOREIGN KEY (user_id) REFERENCES users(id);


--
-- Name: fk_rails_c9b3bef597; Type: FK CONSTRAINT; Schema: public; Owner: darelvc
--

ALTER TABLE ONLY votes
    ADD CONSTRAINT fk_rails_c9b3bef597 FOREIGN KEY (user_id) REFERENCES users(id);


--
-- Name: public; Type: ACL; Schema: -; Owner: postgres
--

REVOKE ALL ON SCHEMA public FROM PUBLIC;
REVOKE ALL ON SCHEMA public FROM postgres;
GRANT ALL ON SCHEMA public TO postgres;
GRANT ALL ON SCHEMA public TO PUBLIC;


--
-- PostgreSQL database dump complete
--

